method,epsilon,per_class,ssim,psnr,file
diffusion_dp,0.1,160,0.5384666919708252,8.360372561701071,diffusion_dp_eps_0.1_k_160.png
diffusion_dp,0.1,160,0.5141717791557312,8.775622627591481,diffusion_dp_eps_0.1_k_160.png
diffusion_dp,0.1,160,0.6034612059593201,7.196347689371643,diffusion_dp_eps_0.1_k_160.png
diffusion_dp,0.1,160,0.5328522324562073,8.61426335337327,diffusion_dp_eps_0.1_k_160.png
diffusion_dp,0.1,160,0.4433222711086273,6.671683054728,diffusion_dp_eps_0.1_k_160.png
diffusion_dp,0.1,160,0.38263311982154846,7.016480447300047,diffusion_dp_eps_0.1_k_160.png
diffusion_dp,0.1,160,0.6036716103553772,7.465496096807852,diffusion_dp_eps_0.1_k_160.png
diffusion_dp,0.1,160,0.4944280683994293,7.0649703952270215,diffusion_dp_eps_0.1_k_160.png
diffusion_dp,0.1,40,0.4842115342617035,6.138039644921934,diffusion_dp_eps_0.1_k_40.png
diffusion_dp,0.1,40,0.3906071186065674,6.139191329545445,diffusion_dp_eps_0.1_k_40.png
diffusion_dp,0.1,40,0.31355616450309753,6.107973220333973,diffusion_dp_eps_0.1_k_40.png
diffusion_dp,0.1,40,0.5897924900054932,7.378076507425661,diffusion_dp_eps_0.1_k_40.png
diffusion_dp,0.1,40,0.4713260233402252,7.278605610287751,diffusion_dp_eps_0.1_k_40.png
diffusion_dp,0.1,40,0.39100292325019836,5.714165116727216,diffusion_dp_eps_0.1_k_40.png
diffusion_dp,0.1,40,0.5166287422180176,7.641796555587503,diffusion_dp_eps_0.1_k_40.png
diffusion_dp,0.1,40,0.5151141881942749,7.500070550202428,diffusion_dp_eps_0.1_k_40.png
diffusion_dp,0.1,80,0.5468985438346863,6.720227908022297,diffusion_dp_eps_0.1_k_80.png
diffusion_dp,0.1,80,0.5918673872947693,8.049480912424563,diffusion_dp_eps_0.1_k_80.png
diffusion_dp,0.1,80,0.4818444550037384,7.322642434953883,diffusion_dp_eps_0.1_k_80.png
diffusion_dp,0.1,80,0.5440573692321777,7.712168948898714,diffusion_dp_eps_0.1_k_80.png
diffusion_dp,0.1,80,0.3871835172176361,7.3526486624709975,diffusion_dp_eps_0.1_k_80.png
diffusion_dp,0.1,80,0.641339898109436,9.705447231982491,diffusion_dp_eps_0.1_k_80.png
diffusion_dp,0.1,80,0.6880157589912415,9.728790369016622,diffusion_dp_eps_0.1_k_80.png
diffusion_dp,0.1,80,0.6557590365409851,8.437434679159914,diffusion_dp_eps_0.1_k_80.png
diffusion_dp,0.5,160,0.5060179829597473,8.179280582636224,diffusion_dp_eps_0.5_k_160.png
diffusion_dp,0.5,160,0.5227570533752441,7.23749824248366,diffusion_dp_eps_0.5_k_160.png
diffusion_dp,0.5,160,0.3489657938480377,5.726269715994645,diffusion_dp_eps_0.5_k_160.png
diffusion_dp,0.5,160,0.5958731770515442,7.105868407027883,diffusion_dp_eps_0.5_k_160.png
diffusion_dp,0.5,160,0.5259726643562317,7.608909586136062,diffusion_dp_eps_0.5_k_160.png
diffusion_dp,0.5,160,0.35630884766578674,5.979939440448195,diffusion_dp_eps_0.5_k_160.png
diffusion_dp,0.5,160,0.4664648771286011,9.50714195110872,diffusion_dp_eps_0.5_k_160.png
diffusion_dp,0.5,160,0.5079665780067444,12.529459195859932,diffusion_dp_eps_0.5_k_160.png
diffusion_dp,0.5,40,0.42443740367889404,6.470343668204731,diffusion_dp_eps_0.5_k_40.png
diffusion_dp,0.5,40,0.5196897387504578,7.569577516120435,diffusion_dp_eps_0.5_k_40.png
diffusion_dp,0.5,40,0.4492560625076294,7.373147242244897,diffusion_dp_eps_0.5_k_40.png
diffusion_dp,0.5,40,0.4449490010738373,9.077407029840629,diffusion_dp_eps_0.5_k_40.png
diffusion_dp,0.5,40,0.3756748139858246,7.311872678520012,diffusion_dp_eps_0.5_k_40.png
diffusion_dp,0.5,40,0.5500679612159729,6.524628591954704,diffusion_dp_eps_0.5_k_40.png
diffusion_dp,0.5,40,0.6576845049858093,7.389528345131115,diffusion_dp_eps_0.5_k_40.png
diffusion_dp,0.5,40,0.5929895043373108,6.522192430579125,diffusion_dp_eps_0.5_k_40.png
diffusion_dp,0.5,80,0.4396773874759674,8.675142820290528,diffusion_dp_eps_0.5_k_80.png
diffusion_dp,0.5,80,0.47537389397621155,7.783602692221642,diffusion_dp_eps_0.5_k_80.png
diffusion_dp,0.5,80,0.5583943724632263,6.220287899705403,diffusion_dp_eps_0.5_k_80.png
diffusion_dp,0.5,80,0.44092079997062683,7.262007491716615,diffusion_dp_eps_0.5_k_80.png
diffusion_dp,0.5,80,0.5588945746421814,6.557571187386484,diffusion_dp_eps_0.5_k_80.png
diffusion_dp,0.5,80,0.5924555659294128,8.104403153375069,diffusion_dp_eps_0.5_k_80.png
diffusion_dp,0.5,80,0.6609513163566589,10.625196076197163,diffusion_dp_eps_0.5_k_80.png
diffusion_dp,0.5,80,0.522804319858551,8.702379167043553,diffusion_dp_eps_0.5_k_80.png
diffusion_dp,1.0,160,0.7534136772155762,11.742181638507681,diffusion_dp_eps_1.0_k_160.png
diffusion_dp,1.0,160,0.5311964154243469,7.973640663262962,diffusion_dp_eps_1.0_k_160.png
diffusion_dp,1.0,160,0.37908756732940674,5.352498180838178,diffusion_dp_eps_1.0_k_160.png
diffusion_dp,1.0,160,0.6859457492828369,9.06862735768769,diffusion_dp_eps_1.0_k_160.png
diffusion_dp,1.0,160,0.598937451839447,8.691785982165404,diffusion_dp_eps_1.0_k_160.png
diffusion_dp,1.0,160,0.3948548138141632,5.801272301474912,diffusion_dp_eps_1.0_k_160.png
diffusion_dp,1.0,160,0.6786814332008362,7.914767358937245,diffusion_dp_eps_1.0_k_160.png
diffusion_dp,1.0,160,0.5582334399223328,6.508861489349933,diffusion_dp_eps_1.0_k_160.png
diffusion_dp,1.0,40,0.6248354911804199,9.166695867173729,diffusion_dp_eps_1.0_k_40.png
diffusion_dp,1.0,40,0.6651416420936584,10.87719523562092,diffusion_dp_eps_1.0_k_40.png
diffusion_dp,1.0,40,0.44177207350730896,6.543518927202689,diffusion_dp_eps_1.0_k_40.png
diffusion_dp,1.0,40,0.5662367939949036,8.457664537614754,diffusion_dp_eps_1.0_k_40.png
diffusion_dp,1.0,40,0.5935840606689453,7.121754532749534,diffusion_dp_eps_1.0_k_40.png
diffusion_dp,1.0,40,0.3841748535633087,7.33162641181683,diffusion_dp_eps_1.0_k_40.png
diffusion_dp,1.0,40,0.5679994225502014,8.882818646860578,diffusion_dp_eps_1.0_k_40.png
diffusion_dp,1.0,40,0.494711309671402,6.795473611133055,diffusion_dp_eps_1.0_k_40.png
diffusion_dp,1.0,80,0.6713254451751709,11.740968959462496,diffusion_dp_eps_1.0_k_80.png
diffusion_dp,1.0,80,0.6353517174720764,9.706528374826904,diffusion_dp_eps_1.0_k_80.png
diffusion_dp,1.0,80,0.5680049061775208,6.4640139404969705,diffusion_dp_eps_1.0_k_80.png
diffusion_dp,1.0,80,0.5872282981872559,6.968072515426219,diffusion_dp_eps_1.0_k_80.png
diffusion_dp,1.0,80,0.45103371143341064,6.1178168216517905,diffusion_dp_eps_1.0_k_80.png
diffusion_dp,1.0,80,0.3749065101146698,5.997470605621046,diffusion_dp_eps_1.0_k_80.png
diffusion_dp,1.0,80,0.6032280325889587,7.165014241981076,diffusion_dp_eps_1.0_k_80.png
diffusion_dp,1.0,80,0.5870856046676636,6.220612909258232,diffusion_dp_eps_1.0_k_80.png
distill_dp,0.1,160,0.38434839248657227,8.567978590993828,distill_dp_eps_0.1_k_160.png
distill_dp,0.1,160,0.41881421208381653,7.506944581109515,distill_dp_eps_0.1_k_160.png
distill_dp,0.1,160,0.23978620767593384,6.234843927394392,distill_dp_eps_0.1_k_160.png
distill_dp,0.1,160,0.4115844964981079,7.3521537615414525,distill_dp_eps_0.1_k_160.png
distill_dp,0.1,160,0.37226399779319763,7.320779262601461,distill_dp_eps_0.1_k_160.png
distill_dp,0.1,160,0.26575878262519836,7.3959407527291186,distill_dp_eps_0.1_k_160.png
distill_dp,0.1,160,0.4107639789581299,7.54729498308531,distill_dp_eps_0.1_k_160.png
distill_dp,0.1,160,0.3103245794773102,6.882264609987068,distill_dp_eps_0.1_k_160.png
distill_dp,0.1,40,0.37258052825927734,7.294390353611771,distill_dp_eps_0.1_k_40.png
distill_dp,0.1,40,0.3865933418273926,7.4217313732259,distill_dp_eps_0.1_k_40.png
distill_dp,0.1,40,0.28424760699272156,6.437067879588851,distill_dp_eps_0.1_k_40.png
distill_dp,0.1,40,0.4144556224346161,8.93286983377148,distill_dp_eps_0.1_k_40.png
distill_dp,0.1,40,0.4446142613887787,7.402606350675104,distill_dp_eps_0.1_k_40.png
distill_dp,0.1,40,0.2388426661491394,6.591704383725958,distill_dp_eps_0.1_k_40.png
distill_dp,0.1,40,0.3932673931121826,7.454937860968749,distill_dp_eps_0.1_k_40.png
distill_dp,0.1,40,0.3234686553478241,6.640064592572985,distill_dp_eps_0.1_k_40.png
distill_dp,0.1,80,0.39989104866981506,7.410356022779182,distill_dp_eps_0.1_k_80.png
distill_dp,0.1,80,0.4050074517726898,7.497693183289887,distill_dp_eps_0.1_k_80.png
distill_dp,0.1,80,0.26392295956611633,6.273083034979113,distill_dp_eps_0.1_k_80.png
distill_dp,0.1,80,0.3818786144256592,7.5447840979705365,distill_dp_eps_0.1_k_80.png
distill_dp,0.1,80,0.358161062002182,7.374304977100035,distill_dp_eps_0.1_k_80.png
distill_dp,0.1,80,0.2865830361843109,8.45615853950066,distill_dp_eps_0.1_k_80.png
distill_dp,0.1,80,0.4109664857387543,9.174866563909617,distill_dp_eps_0.1_k_80.png
distill_dp,0.1,80,0.33787772059440613,8.087215563591618,distill_dp_eps_0.1_k_80.png
distill_dp,0.5,160,0.47146978974342346,11.318911950266381,distill_dp_eps_0.5_k_160.png
distill_dp,0.5,160,0.4822457730770111,8.909102725559869,distill_dp_eps_0.5_k_160.png
distill_dp,0.5,160,0.6092341542243958,6.31984542739281,distill_dp_eps_0.5_k_160.png
distill_dp,0.5,160,0.48338213562965393,9.567290508792688,distill_dp_eps_0.5_k_160.png
distill_dp,0.5,160,0.49466797709465027,7.675903569764506,distill_dp_eps_0.5_k_160.png
distill_dp,0.5,160,0.38898447155952454,6.17897371478703,distill_dp_eps_0.5_k_160.png
distill_dp,0.5,160,0.4476529657840729,7.511006908811599,distill_dp_eps_0.5_k_160.png
distill_dp,0.5,160,0.41980478167533875,7.0189760835628245,distill_dp_eps_0.5_k_160.png
distill_dp,0.5,40,0.6333748698234558,7.453605636159492,distill_dp_eps_0.5_k_40.png
distill_dp,0.5,40,0.6027464270591736,7.651675510141276,distill_dp_eps_0.5_k_40.png
distill_dp,0.5,40,0.3177928924560547,6.732757175807329,distill_dp_eps_0.5_k_40.png
distill_dp,0.5,40,0.6069825887680054,7.542601688331372,distill_dp_eps_0.5_k_40.png
distill_dp,0.5,40,0.613706648349762,7.328273503225578,distill_dp_eps_0.5_k_40.png
distill_dp,0.5,40,0.4624386727809906,6.372303160325158,distill_dp_eps_0.5_k_40.png
distill_dp,0.5,40,0.48951342701911926,9.218976369184528,distill_dp_eps_0.5_k_40.png
distill_dp,0.5,40,0.4809979200363159,7.793420317768231,distill_dp_eps_0.5_k_40.png
distill_dp,0.5,80,0.4103797674179077,7.909556804849314,distill_dp_eps_0.5_k_80.png
distill_dp,0.5,80,0.462081640958786,7.758032292000009,distill_dp_eps_0.5_k_80.png
distill_dp,0.5,80,0.48145613074302673,6.512754552535739,distill_dp_eps_0.5_k_80.png
distill_dp,0.5,80,0.5643126368522644,7.647829504337298,distill_dp_eps_0.5_k_80.png
distill_dp,0.5,80,0.4595685303211212,7.447220387046389,distill_dp_eps_0.5_k_80.png
distill_dp,0.5,80,0.33516979217529297,6.923952257230537,distill_dp_eps_0.5_k_80.png
distill_dp,0.5,80,0.56227046251297,7.610391510669714,distill_dp_eps_0.5_k_80.png
distill_dp,0.5,80,0.6189625263214111,6.889180856850259,distill_dp_eps_0.5_k_80.png
distill_dp,1.0,160,0.4106428623199463,7.852490954981942,distill_dp_eps_1.0_k_160.png
distill_dp,1.0,160,0.4887421429157257,7.657670141090706,distill_dp_eps_1.0_k_160.png
distill_dp,1.0,160,0.6475481390953064,6.317462596590449,distill_dp_eps_1.0_k_160.png
distill_dp,1.0,160,0.5927366614341736,7.385904063427926,distill_dp_eps_1.0_k_160.png
distill_dp,1.0,160,0.39693355560302734,7.020687771842086,distill_dp_eps_1.0_k_160.png
distill_dp,1.0,160,0.649166464805603,6.4210729198858285,distill_dp_eps_1.0_k_160.png
distill_dp,1.0,160,0.6790165305137634,7.479445919215414,distill_dp_eps_1.0_k_160.png
distill_dp,1.0,160,0.6577828526496887,6.875675900004183,distill_dp_eps_1.0_k_160.png
distill_dp,1.0,40,0.41507068276405334,7.844734051391455,distill_dp_eps_1.0_k_40.png
distill_dp,1.0,40,0.46246233582496643,8.157642190776032,distill_dp_eps_1.0_k_40.png
distill_dp,1.0,40,0.39391574263572693,7.655495749817001,distill_dp_eps_1.0_k_40.png
distill_dp,1.0,40,0.6008633971214294,7.5919706667322515,distill_dp_eps_1.0_k_40.png
distill_dp,1.0,40,0.5078206062316895,7.504823344397157,distill_dp_eps_1.0_k_40.png
distill_dp,1.0,40,0.39353981614112854,7.148112211175866,distill_dp_eps_1.0_k_40.png
distill_dp,1.0,40,0.5024272203445435,8.319907997706132,distill_dp_eps_1.0_k_40.png
distill_dp,1.0,40,0.5243955254554749,7.082942284381407,distill_dp_eps_1.0_k_40.png
distill_dp,1.0,80,0.5358200669288635,11.419305721896498,distill_dp_eps_1.0_k_80.png
distill_dp,1.0,80,0.519667387008667,8.937909956831838,distill_dp_eps_1.0_k_80.png
distill_dp,1.0,80,0.3666549026966095,6.023023210233271,distill_dp_eps_1.0_k_80.png
distill_dp,1.0,80,0.5584847331047058,7.366489015914625,distill_dp_eps_1.0_k_80.png
distill_dp,1.0,80,0.3998934030532837,7.020394764624025,distill_dp_eps_1.0_k_80.png
distill_dp,1.0,80,0.4131472110748291,8.626417110838828,distill_dp_eps_1.0_k_80.png
distill_dp,1.0,80,0.6239927411079407,7.580426805888701,distill_dp_eps_1.0_k_80.png
distill_dp,1.0,80,0.5206243991851807,7.06198445275438,distill_dp_eps_1.0_k_80.png
dp,0.1,160,0.44928479194641113,7.113770533214419,dp_eps_0.1_k_160.png
dp,0.1,160,0.4940803050994873,7.445752173926214,dp_eps_0.1_k_160.png
dp,0.1,160,0.3135814964771271,6.483390920119647,dp_eps_0.1_k_160.png
dp,0.1,160,0.4332181513309479,6.652950098262117,dp_eps_0.1_k_160.png
dp,0.1,160,0.4000779092311859,6.246968037090896,dp_eps_0.1_k_160.png
dp,0.1,160,0.27538806200027466,4.719302283888577,dp_eps_0.1_k_160.png
dp,0.1,160,0.42829811573028564,6.766070103597837,dp_eps_0.1_k_160.png
dp,0.1,160,0.31847015023231506,5.5052889279634485,dp_eps_0.1_k_160.png
dp,0.1,40,0.3777085244655609,5.778832876045845,dp_eps_0.1_k_40.png
dp,0.1,40,0.4219391644001007,5.969962869224541,dp_eps_0.1_k_40.png
dp,0.1,40,0.2368251532316208,4.005523143222181,dp_eps_0.1_k_40.png
dp,0.1,40,0.4550341069698334,6.812582504073506,dp_eps_0.1_k_40.png
dp,0.1,40,0.479166716337204,7.773985872869393,dp_eps_0.1_k_40.png
dp,0.1,40,0.26741209626197815,4.659543020780761,dp_eps_0.1_k_40.png
dp,0.1,40,0.4409330189228058,6.452790453983775,dp_eps_0.1_k_40.png
dp,0.1,40,0.3182869851589203,6.3372185318401,dp_eps_0.1_k_40.png
dp,0.1,80,0.3757500648498535,5.576699794785885,dp_eps_0.1_k_80.png
dp,0.1,80,0.41634973883628845,6.398609372293312,dp_eps_0.1_k_80.png
dp,0.1,80,0.2808783948421478,5.41816351784005,dp_eps_0.1_k_80.png
dp,0.1,80,0.4227565824985504,6.050789945460638,dp_eps_0.1_k_80.png
dp,0.1,80,0.39168989658355713,5.990326732260746,dp_eps_0.1_k_80.png
dp,0.1,80,0.39219096302986145,6.550867746313891,dp_eps_0.1_k_80.png
dp,0.1,80,0.5127542018890381,8.079745737778751,dp_eps_0.1_k_80.png
dp,0.1,80,0.38261130452156067,6.262634272437268,dp_eps_0.1_k_80.png
dp,0.5,160,0.49303802847862244,6.902087314275863,dp_eps_0.5_k_160.png
dp,0.5,160,0.39713096618652344,6.87159593590977,dp_eps_0.5_k_160.png
dp,0.5,160,0.2834847867488861,5.096477960526941,dp_eps_0.5_k_160.png
dp,0.5,160,0.6790075302124023,9.349115471255628,dp_eps_0.5_k_160.png
dp,0.5,160,0.49776124954223633,7.359628219313946,dp_eps_0.5_k_160.png
dp,0.5,160,0.40061116218566895,8.492621303002126,dp_eps_0.5_k_160.png
dp,0.5,160,0.49692046642303467,7.860880613420271,dp_eps_0.5_k_160.png
dp,0.5,160,0.37623122334480286,6.655210238517882,dp_eps_0.5_k_160.png
dp,0.5,40,0.3972853124141693,7.8105461601201,dp_eps_0.5_k_40.png
dp,0.5,40,0.475942462682724,9.36115815407237,dp_eps_0.5_k_40.png
dp,0.5,40,0.6252136826515198,8.957524114194552,dp_eps_0.5_k_40.png
dp,0.5,40,0.5443477034568787,7.7398411902955875,dp_eps_0.5_k_40.png
dp,0.5,40,0.6886575818061829,8.505367794206366,dp_eps_0.5_k_40.png
dp,0.5,40,0.313004732131958,6.992350544893293,dp_eps_0.5_k_40.png
dp,0.5,40,0.615788459777832,10.32124553909637,dp_eps_0.5_k_40.png
dp,0.5,40,0.6196863651275635,8.383969155469247,dp_eps_0.5_k_40.png
dp,0.5,80,0.49395105242729187,6.9969383425997655,dp_eps_0.5_k_80.png
dp,0.5,80,0.461585134267807,6.405899624221078,dp_eps_0.5_k_80.png
dp,0.5,80,0.4756002128124237,6.2134031337814735,dp_eps_0.5_k_80.png
dp,0.5,80,0.6853652000427246,7.537465866262641,dp_eps_0.5_k_80.png
dp,0.5,80,0.44583940505981445,6.971848545271277,dp_eps_0.5_k_80.png
dp,0.5,80,0.42395997047424316,6.43826560334637,dp_eps_0.5_k_80.png
dp,0.5,80,0.5542028546333313,7.8925886706695545,dp_eps_0.5_k_80.png
dp,0.5,80,0.5839444994926453,6.650655662868954,dp_eps_0.5_k_80.png
dp,1.0,160,0.5408108830451965,7.4252797768786,dp_eps_1.0_k_160.png
dp,1.0,160,0.4088360369205475,6.661273869343946,dp_eps_1.0_k_160.png
dp,1.0,160,0.3884999454021454,7.0483311425970605,dp_eps_1.0_k_160.png
dp,1.0,160,0.6474817395210266,8.553801646648086,dp_eps_1.0_k_160.png
dp,1.0,160,0.47184157371520996,8.077217177102607,dp_eps_1.0_k_160.png
dp,1.0,160,0.5830422043800354,6.6490348233593854,dp_eps_1.0_k_160.png
dp,1.0,160,0.585838794708252,9.117728586430623,dp_eps_1.0_k_160.png
dp,1.0,160,0.4222411811351776,7.241313640199939,dp_eps_1.0_k_160.png
dp,1.0,40,0.556347668170929,8.620874977376939,dp_eps_1.0_k_40.png
dp,1.0,40,0.49700090289115906,7.048112739346045,dp_eps_1.0_k_40.png
dp,1.0,40,0.5759623646736145,5.79572066078809,dp_eps_1.0_k_40.png
dp,1.0,40,0.7977533340454102,10.470170755111532,dp_eps_1.0_k_40.png
dp,1.0,40,0.567432701587677,6.79587314704335,dp_eps_1.0_k_40.png
dp,1.0,40,0.4971907138824463,6.622064838969556,dp_eps_1.0_k_40.png
dp,1.0,40,0.5475910305976868,7.858518355469246,dp_eps_1.0_k_40.png
dp,1.0,40,0.40193140506744385,6.4710366529239405,dp_eps_1.0_k_40.png
dp,1.0,80,0.5333514213562012,5.969230836467077,dp_eps_1.0_k_80.png
dp,1.0,80,0.42838647961616516,6.72081350044394,dp_eps_1.0_k_80.png
dp,1.0,80,0.30732592940330505,5.932446104978201,dp_eps_1.0_k_80.png
dp,1.0,80,0.46556541323661804,7.123113361892712,dp_eps_1.0_k_80.png
dp,1.0,80,0.4879826307296753,6.431392844115137,dp_eps_1.0_k_80.png
dp,1.0,80,0.5070900321006775,7.26751579939617,dp_eps_1.0_k_80.png
dp,1.0,80,0.6449633240699768,10.429995002350186,dp_eps_1.0_k_80.png
dp,1.0,80,0.42502012848854065,8.919101815567261,dp_eps_1.0_k_80.png
gan_dp,0.1,160,0.35749730467796326,6.032864400054842,gan_dp_eps_0.1_k_160.png
gan_dp,0.1,160,0.37350961565971375,5.869330712518606,gan_dp_eps_0.1_k_160.png
gan_dp,0.1,160,0.2263297289609909,4.505348138016882,gan_dp_eps_0.1_k_160.png
gan_dp,0.1,160,0.3744114339351654,5.670352926604558,gan_dp_eps_0.1_k_160.png
gan_dp,0.1,160,0.3387322425842285,5.7073136476428665,gan_dp_eps_0.1_k_160.png
gan_dp,0.1,160,0.2356692999601364,4.7291109311619355,gan_dp_eps_0.1_k_160.png
gan_dp,0.1,160,0.3688903748989105,5.867966150488519,gan_dp_eps_0.1_k_160.png
gan_dp,0.1,160,0.306486040353775,5.2144895564692515,gan_dp_eps_0.1_k_160.png
gan_dp,0.1,40,0.3469449579715729,5.965113247632077,gan_dp_eps_0.1_k_40.png
gan_dp,0.1,40,0.3612006604671478,5.698608021552976,gan_dp_eps_0.1_k_40.png
gan_dp,0.1,40,0.23069286346435547,4.657976222669495,gan_dp_eps_0.1_k_40.png
gan_dp,0.1,40,0.38019242882728577,5.837449240090593,gan_dp_eps_0.1_k_40.png
gan_dp,0.1,40,0.34471359848976135,5.6929821705340995,gan_dp_eps_0.1_k_40.png
gan_dp,0.1,40,0.2293907254934311,5.022544616968912,gan_dp_eps_0.1_k_40.png
gan_dp,0.1,40,0.3642142713069916,5.866944970561137,gan_dp_eps_0.1_k_40.png
gan_dp,0.1,40,0.313506156206131,5.9540045559862556,gan_dp_eps_0.1_k_40.png
gan_dp,0.1,80,0.34766581654548645,6.2655041726531575,gan_dp_eps_0.1_k_80.png
gan_dp,0.1,80,0.36680635809898376,5.867708064863165,gan_dp_eps_0.1_k_80.png
gan_dp,0.1,80,0.23223455250263214,4.634456224530915,gan_dp_eps_0.1_k_80.png
gan_dp,0.1,80,0.37396255135536194,5.859924711768337,gan_dp_eps_0.1_k_80.png
gan_dp,0.1,80,0.34004470705986023,5.556854775850949,gan_dp_eps_0.1_k_80.png
gan_dp,0.1,80,0.23791258037090302,4.798791599040006,gan_dp_eps_0.1_k_80.png
gan_dp,0.1,80,0.37931275367736816,5.944351533623406,gan_dp_eps_0.1_k_80.png
gan_dp,0.1,80,0.3044669032096863,5.112108175112249,gan_dp_eps_0.1_k_80.png
gan_dp,0.5,160,0.3683222532272339,7.4851099638822935,gan_dp_eps_0.5_k_160.png
gan_dp,0.5,160,0.3927859961986542,7.533013056186652,gan_dp_eps_0.5_k_160.png
gan_dp,0.5,160,0.23315469920635223,6.311550169207694,gan_dp_eps_0.5_k_160.png
gan_dp,0.5,160,0.393478125333786,7.467446325500764,gan_dp_eps_0.5_k_160.png
gan_dp,0.5,160,0.36408960819244385,7.331869281768267,gan_dp_eps_0.5_k_160.png
gan_dp,0.5,160,0.2528097331523895,6.491214074651691,gan_dp_eps_0.5_k_160.png
gan_dp,0.5,160,0.3975883722305298,7.481977361788181,gan_dp_eps_0.5_k_160.png
gan_dp,0.5,160,0.3202303647994995,6.88926346258693,gan_dp_eps_0.5_k_160.png
gan_dp,0.5,40,0.3698921203613281,7.4469451706010625,gan_dp_eps_0.5_k_40.png
gan_dp,0.5,40,0.38877925276756287,7.418461546070826,gan_dp_eps_0.5_k_40.png
gan_dp,0.5,40,0.23808856308460236,6.370025003086632,gan_dp_eps_0.5_k_40.png
gan_dp,0.5,40,0.4022254943847656,7.474322162396511,gan_dp_eps_0.5_k_40.png
gan_dp,0.5,40,0.3557698428630829,7.245511752148931,gan_dp_eps_0.5_k_40.png
gan_dp,0.5,40,0.23630787432193756,6.622121731945576,gan_dp_eps_0.5_k_40.png
gan_dp,0.5,40,0.3927417993545532,7.491920953476168,gan_dp_eps_0.5_k_40.png
gan_dp,0.5,40,0.31577783823013306,6.8871596653941305,gan_dp_eps_0.5_k_40.png
gan_dp,0.5,80,0.36796292662620544,7.52179729439129,gan_dp_eps_0.5_k_80.png
gan_dp,0.5,80,0.39099791646003723,7.423987423565148,gan_dp_eps_0.5_k_80.png
gan_dp,0.5,80,0.233937069773674,6.340591789858162,gan_dp_eps_0.5_k_80.png
gan_dp,0.5,80,0.39096593856811523,7.38226607215993,gan_dp_eps_0.5_k_80.png
gan_dp,0.5,80,0.36116233468055725,7.3066435567862795,gan_dp_eps_0.5_k_80.png
gan_dp,0.5,80,0.2511455714702606,6.430303418731271,gan_dp_eps_0.5_k_80.png
gan_dp,0.5,80,0.3941822052001953,7.46358162190549,gan_dp_eps_0.5_k_80.png
gan_dp,0.5,80,0.31351831555366516,6.911911044833224,gan_dp_eps_0.5_k_80.png
gan_dp,1.0,160,0.3902090787887573,7.761028427322245,gan_dp_eps_1.0_k_160.png
gan_dp,1.0,160,0.4009385406970978,7.702903065908632,gan_dp_eps_1.0_k_160.png
gan_dp,1.0,160,0.25021329522132874,6.599289449501816,gan_dp_eps_1.0_k_160.png
gan_dp,1.0,160,0.39968693256378174,7.704267532381195,gan_dp_eps_1.0_k_160.png
gan_dp,1.0,160,0.3694725036621094,7.5698627736353075,gan_dp_eps_1.0_k_160.png
gan_dp,1.0,160,0.26083528995513916,6.76815689683957,gan_dp_eps_1.0_k_160.png
gan_dp,1.0,160,0.39964672923088074,7.74453965198429,gan_dp_eps_1.0_k_160.png
gan_dp,1.0,160,0.3325085937976837,7.152459921862851,gan_dp_eps_1.0_k_160.png
gan_dp,1.0,40,0.3851405084133148,7.696975641607557,gan_dp_eps_1.0_k_40.png
gan_dp,1.0,40,0.40442752838134766,7.709505829502307,gan_dp_eps_1.0_k_40.png
gan_dp,1.0,40,0.2524121105670929,6.571041256891691,gan_dp_eps_1.0_k_40.png
gan_dp,1.0,40,0.4043467044830322,7.739899901338493,gan_dp_eps_1.0_k_40.png
gan_dp,1.0,40,0.36575058102607727,7.545830835653758,gan_dp_eps_1.0_k_40.png
gan_dp,1.0,40,0.2721218764781952,6.754309464029312,gan_dp_eps_1.0_k_40.png
gan_dp,1.0,40,0.3996422290802002,7.751412636206878,gan_dp_eps_1.0_k_40.png
gan_dp,1.0,40,0.3345525562763214,7.203114147904981,gan_dp_eps_1.0_k_40.png
gan_dp,1.0,80,0.38487708568573,7.727463733258696,gan_dp_eps_1.0_k_80.png
gan_dp,1.0,80,0.40788236260414124,7.721886081153599,gan_dp_eps_1.0_k_80.png
gan_dp,1.0,80,0.25722965598106384,6.633345178543802,gan_dp_eps_1.0_k_80.png
gan_dp,1.0,80,0.4077804982662201,7.731632884525233,gan_dp_eps_1.0_k_80.png
gan_dp,1.0,80,0.3732243776321411,7.5430236264305215,gan_dp_eps_1.0_k_80.png
gan_dp,1.0,80,0.2629516124725342,6.741027562018479,gan_dp_eps_1.0_k_80.png
gan_dp,1.0,80,0.4058758318424225,7.75433063408379,gan_dp_eps_1.0_k_80.png
gan_dp,1.0,80,0.33100494742393494,7.1743104212964015,gan_dp_eps_1.0_k_80.png
