method,epsilon,per_class,classifier,synthesis_seconds,train_seconds,original_pred_seconds,synthetic_pred_seconds,original_acc,synthetic_acc,synthetic_images,epochs,repeat
dp,0.1,40,resnet20,0.0130748999999923,11.013022800001636,6.516835999998875,0.253542299999026,0.1082,0.815,400,10,1
dp,0.5,40,resnet20,0.0225516999998944,10.668514200000573,6.392142400000012,0.2400195999998686,0.1658,0.5775,400,10,1
dp,1.0,40,resnet20,0.0246706000016274,10.596850100000664,6.127592599999844,0.283950699998968,0.2012,0.3075,400,10,1
diffusion_dp,0.1,40,resnet20,0.3577705999996396,10.72413360000064,5.908465000000433,0.2304037000012613,0.1592,0.4675,400,10,1
diffusion_dp,0.5,40,resnet20,0.2940978000005998,10.804298899998685,6.0278635999984544,0.2302736999990884,0.2092,0.305,400,10,1
diffusion_dp,1.0,40,resnet20,0.3645973999991838,10.47403679999843,6.076097000001028,0.2617175999985193,0.1886,0.47,400,10,1
dp,0.1,80,resnet20,0.0392601000003196,21.67073679999885,6.875026500001695,0.5388984000001074,0.0928,1.0,800,10,1
dp,0.5,80,resnet20,0.0454948999995394,20.581907499999943,6.392166499999803,0.4602011999995739,0.1881,0.5125,800,10,1
dp,1.0,80,resnet20,0.0388235000009444,18.51157190000049,5.813869699999486,0.5321421000007831,0.2545,0.77,800,10,1
diffusion_dp,0.1,80,resnet20,0.6670444999999745,21.33980589999919,6.749617899999066,0.5456622999990941,0.2365,0.675,800,10,1
diffusion_dp,0.5,80,resnet20,0.6439011999991635,20.168321900000592,5.980724799999734,0.4628642000006948,0.3207,0.8575,800,10,1
diffusion_dp,1.0,80,resnet20,0.6150145000010525,21.808939100001226,6.131056099999114,0.4867742000005819,0.1928,0.43,800,10,1
dp,0.1,160,resnet20,0.0722280999998474,41.12085280000065,6.338501700000052,0.9648674000000028,0.1273,0.999375,1600,10,1
dp,0.5,160,resnet20,0.0698388999990129,42.968421300000045,6.854986700000154,1.1403700999999271,0.2341,0.5475,1600,10,1
dp,1.0,160,resnet20,0.0701855000006617,42.25400190000073,6.567367400000876,1.112380099999427,0.3402,0.87625,1600,10,1
diffusion_dp,0.1,160,resnet20,1.1384336999999505,42.09748630000104,5.670496700000513,0.9430640999999014,0.35,0.9175,1600,10,1
diffusion_dp,0.5,160,resnet20,1.0825330000006943,41.44808660000126,5.845474199999444,1.118022499998915,0.273,0.52875,1600,10,1
diffusion_dp,1.0,160,resnet20,1.2871734999989712,46.840159600000334,6.316337300000669,0.9298952000008284,0.3265,0.614375,1600,10,1
dp,0.1,40,resnet20,0.0129008999992947,11.597150199999303,6.73074540000016,0.265158700000029,0.0906,0.935,400,10,2
dp,0.5,40,resnet20,0.0258233999993535,9.397885999998834,5.422493500000201,0.2232200999987981,0.1716,0.6425,400,10,2
dp,1.0,40,resnet20,0.0233186000004934,9.686094600001525,6.287986799999999,0.250776599999881,0.2132,0.6775,400,10,2
diffusion_dp,0.1,40,resnet20,0.3271074999993288,9.064000899999884,5.801669000000402,0.2443059999986871,0.2056,0.7525,400,10,2
diffusion_dp,0.5,40,resnet20,0.284224400000312,10.462641599999188,5.991028500000539,0.2398590999982843,0.2864,0.615,400,10,2
diffusion_dp,1.0,40,resnet20,0.3188806000016484,9.904231599999548,5.769170799998392,0.2424592999996093,0.2198,0.4475,400,10,2
dp,0.1,80,resnet20,0.0411133000015979,18.774847699998645,6.463912800001708,0.4941314000025159,0.1302,0.99875,800,10,2
dp,0.5,80,resnet20,0.0425251000015123,19.20651100000032,5.806784600001265,0.4668152999984158,0.2159,0.9475,800,10,2
dp,1.0,80,resnet20,0.0372611000020697,19.1086679,5.380971899998258,0.4699379000012413,0.289,0.7575,800,10,2
diffusion_dp,0.1,80,resnet20,0.5645468000002438,18.304574499998125,5.938529999999446,0.4998558000006596,0.2018,0.6525,800,10,2
diffusion_dp,0.5,80,resnet20,0.6113622999982908,17.91644290000113,5.653363899997203,0.4612979000012274,0.2021,0.365,800,10,2
diffusion_dp,1.0,80,resnet20,0.5724040000022796,19.443797200001427,5.776927400002023,0.4942158000012568,0.3013,0.68875,800,10,2
dp,0.1,160,resnet20,0.0676783000017167,36.81699369999842,5.424985100002232,0.8831673999993654,0.1082,0.996875,1600,10,2
dp,0.5,160,resnet20,0.0585935999988578,38.601077900002565,5.6896978999975545,0.9565761999983806,0.2163,0.949375,1600,10,2
dp,1.0,160,resnet20,0.0697021000014501,37.3407294000026,5.969666499997402,0.8805904000000737,0.2996,0.713125,1600,10,2
diffusion_dp,0.1,160,resnet20,1.0684557999993558,37.722698699999455,6.076877399998921,0.9235045999994328,0.3024,0.875,1600,10,2
diffusion_dp,0.5,160,resnet20,1.0269998000003395,38.07393199999933,5.697066100001393,0.9124943999995594,0.3365,0.62875,1600,10,2
diffusion_dp,1.0,160,resnet20,1.043930199997703,38.74593989999994,5.924354800001311,0.9817029000005276,0.3525,0.731875,1600,10,2
dp,0.1,40,resnet20,0.0127797999994072,10.267135800000688,5.910366800002521,0.2534808000018529,0.1154,0.9025,400,10,3
dp,0.5,40,resnet20,0.0177025000011781,8.860703199999989,5.389364700000442,0.2275219000002835,0.2056,0.585,400,10,3
dp,1.0,40,resnet20,0.0190657999992254,9.108180399998671,6.039390699999785,0.2437931000022217,0.1859,0.315,400,10,3
diffusion_dp,0.1,40,resnet20,0.3595894999998563,10.563055099999474,6.334765100000368,0.285036699999182,0.1412,0.3025,400,10,3
diffusion_dp,0.5,40,resnet20,0.3296568000005209,8.983063699997729,6.439802000000782,0.2381157000017992,0.2389,0.5225,400,10,3
diffusion_dp,1.0,40,resnet20,0.3775333000012324,10.874501399997826,6.949548299999151,0.246899999998277,0.2635,0.525,400,10,3
dp,0.1,80,resnet20,0.0385008000012021,20.76963219999743,7.246374900001683,0.6245677999977488,0.1213,1.0,800,10,3
dp,0.5,80,resnet20,0.0420898999982455,20.449946900000214,6.672193599999446,0.5284484000003431,0.2483,0.93875,800,10,3
dp,1.0,80,resnet20,0.0432408999986364,20.8986436999985,6.374930400001176,0.5364774000008765,0.22,0.6575,800,10,3
diffusion_dp,0.1,80,resnet20,0.6584154999982275,20.721337999999378,6.9886635999973805,0.647547399999894,0.2905,0.96375,800,10,3
diffusion_dp,0.5,80,resnet20,1.463565900001413,27.571359499997925,9.786625799999456,1.2252674999981537,0.3187,0.63375,800,10,3
diffusion_dp,1.0,80,resnet20,0.7597892999983742,36.9160000999982,8.021104999999807,0.6444176999975753,0.2856,0.64375,800,10,3
dp,0.1,160,resnet20,0.0718231999999261,66.14380199999869,7.841759799997817,1.241799400002492,0.1529,0.999375,1600,10,3
dp,0.5,160,resnet20,0.0640841999993426,50.53455010000107,7.951064500000939,1.247514400001819,0.3165,0.831875,1600,10,3
dp,1.0,160,resnet20,0.076527299999725,48.91382359999989,6.06260580000162,1.132223000000522,0.3227,0.703125,1600,10,3
diffusion_dp,0.1,160,resnet20,1.3441748000004736,56.728874299999006,18.40443669999877,1.8386929999978747,0.1903,0.5875,1600,10,3
diffusion_dp,0.5,160,resnet20,1.471589499997208,82.30083119999836,13.35125060000064,1.6005043999975896,0.3394,0.72125,1600,10,3
diffusion_dp,1.0,160,resnet20,1.3453067000009469,51.110721599998215,6.883782199998677,1.2639480000034382,0.3718,0.7575,1600,10,3
dp,0.1,40,resnet20,0.0179930999984208,29.71652639999957,13.54881359999854,0.4208230999975058,0.1009,0.8275,400,20,1
dp,0.5,40,resnet20,0.0233513999992283,39.40874970000005,12.847233500000584,0.7050745000015013,0.2315,0.895,400,20,1
dp,1.0,40,resnet20,0.0609213999996427,48.99890140000207,9.82883479999873,0.3170089000013831,0.1585,0.5975,400,20,1
diffusion_dp,0.1,40,resnet20,0.3635876000007556,46.805228199998965,19.90709060000154,1.4984919999988051,0.2308,0.8775,400,20,1
diffusion_dp,0.5,40,resnet20,0.7087630000023637,52.34939230000237,14.299077899999247,0.5703234000029624,0.2952,0.92,400,20,1
diffusion_dp,1.0,40,resnet20,0.5196391999998013,43.54060099999697,14.223610400000323,0.70853519999946,0.3061,0.8275,400,20,1
dp,0.1,80,resnet20,0.072265899998456,100.12311799999952,14.952918899998622,1.0702353999986371,0.1157,1.0,800,20,1
dp,0.5,80,resnet20,0.0614845000018249,94.81214539999928,14.566346599996905,0.8659152000000176,0.2464,0.99125,800,20,1
dp,1.0,80,resnet20,0.0476411000017833,66.62529180000274,9.78598509999938,0.769017900001927,0.3427,0.99875,800,20,1
diffusion_dp,0.1,80,resnet20,0.6743915999977617,76.69916190000004,10.64883959999861,0.8322533999998996,0.3115,1.0,800,20,1
diffusion_dp,0.5,80,resnet20,0.69003850000081,73.04181669999889,12.380359200000385,1.0598394999979064,0.3121,1.0,800,20,1
diffusion_dp,1.0,80,resnet20,0.7456125999997312,72.23766429999887,16.039146499999333,1.4578637999984494,0.316,0.9275,800,20,1
dp,0.1,160,resnet20,0.1471453000012843,172.50964340000064,11.75962029999937,1.896630600000208,0.1084,1.0,1600,20,1
dp,0.5,160,resnet20,0.0906519000018306,153.57522000000245,11.99058679999871,2.058306300001277,0.3386,0.99125,1600,20,1
dp,1.0,160,resnet20,0.0804674999999406,136.26504190000196,14.064280299997336,2.958328299999266,0.3417,0.98875,1600,20,1
diffusion_dp,0.1,160,resnet20,1.5007511999974668,184.18215699999928,15.26961470000242,2.548315200001525,0.3543,0.998125,1600,20,1
diffusion_dp,0.5,160,resnet20,2.0633071000011114,167.44727540000167,12.52257649999956,2.258778200000961,0.3623,0.895,1600,20,1
diffusion_dp,1.0,160,resnet20,1.7816378999996232,225.8305438000025,16.109333500000503,3.352636499999789,0.3962,0.989375,1600,20,1
dp,0.1,40,resnet20,0.0300900000002002,32.442992699998285,9.170517800001107,0.3903532000003906,0.1182,1.0,400,20,2
dp,0.5,40,resnet20,0.0212677999988954,48.35230049999882,13.96405600000071,0.5521823999988555,0.2461,0.87,400,20,2
dp,1.0,40,resnet20,0.0308477999969909,49.92548489999899,17.209801799999696,0.423071199998958,0.2456,0.5025,400,20,2
diffusion_dp,0.1,40,resnet20,0.3712783999981184,49.47370809999848,13.496037299999443,0.4644856999984768,0.2463,0.9325,400,20,2
diffusion_dp,0.5,40,resnet20,0.5465772999996261,66.38013019999926,25.655995500001158,0.6782906999978877,0.2855,0.6875,400,20,2
diffusion_dp,1.0,40,resnet20,0.4791332000022521,45.35977759999878,9.48519640000086,0.4855233999987831,0.2888,0.845,400,20,2
dp,0.1,80,resnet20,0.057139399999869,69.91277769999942,8.587116799997602,0.6327376000008371,0.1384,1.0,800,20,2
dp,0.5,80,resnet20,0.0413060999999288,61.11344720000125,9.056181700001616,0.838543199999549,0.2262,0.88375,800,20,2
dp,1.0,80,resnet20,0.0636742000024241,69.99840229999973,13.223618500000155,0.940504999998666,0.2952,0.995,800,20,2
diffusion_dp,0.1,80,resnet20,0.762729499998386,69.61556399999972,9.310453699999924,0.8137104999987059,0.2826,0.885,800,20,2
diffusion_dp,0.5,80,resnet20,0.7175687000017206,83.1753452999983,8.385430899998028,0.6852042999998957,0.3135,0.9275,800,20,2
diffusion_dp,1.0,80,resnet20,0.6873205000010785,63.52027739999903,9.458449600002496,0.864824199998111,0.323,0.975,800,20,2
dp,0.1,160,resnet20,0.1102928000000247,145.33184580000307,7.49417049999829,1.3613647999991372,0.2054,1.0,1600,20,2
dp,0.5,160,resnet20,0.0842940000002272,145.23358069999813,8.86164330000247,1.410061800001131,0.3066,0.988125,1600,20,2
dp,1.0,160,resnet20,0.081151200000022,155.32963200000086,12.474990399998203,1.7002385999985563,0.3945,1.0,1600,20,2
diffusion_dp,0.1,160,resnet20,2.379058800001076,266.02963649999947,9.48728239999764,1.4148074000004272,0.3081,1.0,1600,20,2
diffusion_dp,0.5,160,resnet20,1.4133146999993187,155.3260291000006,13.26742589999776,1.339057800003502,0.3945,0.998125,1600,20,2
diffusion_dp,1.0,160,resnet20,1.3423801999997522,125.96886969999832,7.75272159999804,1.235688400000072,0.4003,1.0,1600,20,2
dp,0.1,40,resnet20,0.0207726000007824,31.64994780000052,15.057737200000702,0.523344500001258,0.1219,0.9775,400,20,3
dp,0.5,40,resnet20,0.0248734000015247,33.67783899999995,9.867320599998491,0.3117233000011765,0.2208,0.98,400,20,3
dp,1.0,40,resnet20,0.0244505999980901,27.877963999999334,9.54320899999948,0.3348202999986824,0.2445,0.8725,400,20,3
diffusion_dp,0.1,40,resnet20,0.3636335000010149,30.86707320000278,9.979704199999103,0.3299688000006426,0.2396,0.8725,400,20,3
diffusion_dp,0.5,40,resnet20,0.3417493999986618,29.724875800002337,13.339809500001138,0.5363699000008637,0.2433,0.6,400,20,3
diffusion_dp,1.0,40,resnet20,0.5871729999998934,37.66306640000039,6.688948499999242,0.2689950999993016,0.2191,0.58,400,20,3
dp,0.1,80,resnet20,0.044557099998201,42.2082862999996,6.044160699999338,0.4920754000013403,0.1037,1.0,800,20,3
dp,0.5,80,resnet20,0.0381207999998878,44.970453999998426,6.432417500000156,0.5002901999978349,0.2384,0.97875,800,20,3
dp,1.0,80,resnet20,0.0373889999973471,40.96140910000031,6.499549500000285,0.5545215999991342,0.3193,0.99375,800,20,3
diffusion_dp,0.1,80,resnet20,0.6353983999979391,40.352125699999306,6.23022470000069,0.5593702000005578,0.2965,0.99375,800,20,3
diffusion_dp,0.5,80,resnet20,0.5749275999987731,40.65108070000133,6.553276700000424,0.5508473999980197,0.3366,0.99,800,20,3
diffusion_dp,1.0,80,resnet20,0.6277927000010095,38.20462190000035,6.375182400002814,0.5003671999984363,0.2904,0.9425,800,20,3
dp,0.1,160,resnet20,0.0640310000017052,78.90851119999934,5.816032599999744,0.9067912999998952,0.1054,1.0,1600,20,3
dp,0.5,160,resnet20,0.0726138999998511,81.97152260000075,6.325319600000512,0.9967536000003748,0.2594,1.0,1600,20,3
dp,1.0,160,resnet20,0.0674934000016946,84.06395949999933,5.692977300001076,0.9002283000008902,0.4138,0.998125,1600,20,3
diffusion_dp,0.1,160,resnet20,1.101834199998848,79.64058069999737,5.8163397000025725,0.9130072000007204,0.3454,1.0,1600,20,3
diffusion_dp,0.5,160,resnet20,1.076926800000365,80.01149840000289,5.8085131000007095,0.9148963000006916,0.4161,1.0,1600,20,3
diffusion_dp,1.0,160,resnet20,1.111236299999291,78.49526180000248,5.785680599998159,0.9885152999995626,0.3593,0.954375,1600,20,3
dp,0.1,40,resnet20,0.0102459000008821,5.77628470000127,6.831116299999849,0.2537795999996888,0.0984,0.1475,400,5,1
dp,0.5,40,resnet20,0.0219279000011738,5.510669700001017,10.02633550000064,0.4813232000014977,0.1721,0.205,400,5,1
dp,1.0,40,resnet20,0.0362860000004729,5.550338799999736,6.515458799998669,0.3012034000003041,0.1244,0.155,400,5,1
diffusion_dp,0.1,40,resnet20,0.4221360999999888,5.705078400000275,6.258195299998988,0.3056612000000314,0.1206,0.13,400,5,1
diffusion_dp,0.5,40,resnet20,0.3741668999991816,7.21970119999969,6.900989499999923,0.267156599998998,0.1586,0.1925,400,5,1
diffusion_dp,1.0,40,resnet20,0.3779964000004838,5.71253280000019,6.165565299999798,0.2453783999990264,0.114,0.135,400,5,1
dp,0.1,80,resnet20,0.0411965999992389,10.193602600000304,5.974841399998695,0.7141317000005074,0.1161,0.74125,800,5,1
dp,0.5,80,resnet20,0.0579782000004343,10.994735899999796,6.7708471000005375,0.5393765999997413,0.1748,0.28375,800,5,1
dp,1.0,80,resnet20,0.0511007999994035,9.716353800000434,6.158168599999044,0.4713941999998496,0.2248,0.2925,800,5,1
diffusion_dp,0.1,80,resnet20,0.6043635000005452,11.776026900000945,8.211690899999667,0.7151733000009699,0.184,0.2,800,5,1
diffusion_dp,0.5,80,resnet20,0.7153010000001814,13.446988599998804,6.188754800001334,0.4659828999992896,0.2229,0.31,800,5,1
diffusion_dp,1.0,80,resnet20,0.5350829999988491,8.141718500000934,6.608585900001344,0.6628084999993007,0.1958,0.26125,800,5,1
dp,0.1,160,resnet20,0.0743583999992552,19.729178399999,6.261602099999436,1.04204000000027,0.1146,0.576875,1600,5,1
dp,0.5,160,resnet20,0.0686016999989078,21.0539217000005,6.688756100000319,1.0237616999984311,0.2563,0.506875,1600,5,1
dp,1.0,160,resnet20,0.0798701000003347,22.60528129999875,7.1441780000004655,1.040898200000811,0.2829,0.41125,1600,5,1
diffusion_dp,0.1,160,resnet20,1.1266360999998142,21.60093179999967,6.0541075000001,0.956278999999995,0.3638,0.5275,1600,5,1
diffusion_dp,0.5,160,resnet20,1.170925599999464,21.22428890000083,6.788682700000209,1.029103299999406,0.2888,0.38,1600,5,1
diffusion_dp,1.0,160,resnet20,1.1128792999988946,20.00019819999943,6.164828599999964,0.903701799999908,0.2693,0.39125,1600,5,1
dp,0.1,40,resnet20,0.0125019999995856,5.309218700000201,7.167040399999678,0.2922268000002077,0.0967,0.1,400,5,2
dp,0.5,40,resnet20,0.0198888000013539,5.339748899999904,7.305802400000175,0.3041011000004801,0.0979,0.1025,400,5,2
dp,1.0,40,resnet20,0.0250319000006129,5.629236700000547,6.387846600000557,0.2785982000004878,0.1361,0.14,400,5,2
diffusion_dp,0.1,40,resnet20,0.3718984999995882,5.248334600000817,6.441730799999277,0.2566208000007464,0.1034,0.1,400,5,2
diffusion_dp,0.5,40,resnet20,0.3012737000008201,5.523020599999654,6.072065700000167,0.2347074999997858,0.1783,0.2025,400,5,2
diffusion_dp,1.0,40,resnet20,0.308183299999655,4.73683820000042,6.617774999998801,0.2456900000015593,0.1104,0.12,400,5,2
dp,0.1,80,resnet20,0.0499180999995587,9.447187499999927,6.012358399999357,0.4467265000002953,0.0997,0.235,800,5,2
dp,0.5,80,resnet20,0.0359673000002658,10.306379100000411,5.852246800001012,0.453036199998678,0.1989,0.38,800,5,2
dp,1.0,80,resnet20,0.0365922000000864,10.101670000000013,5.845928400000048,0.4647813000010501,0.1636,0.21375,800,5,2
diffusion_dp,0.1,80,resnet20,0.5895763000007719,10.606514699999025,6.188673299999209,0.5614912999990338,0.2079,0.25125,800,5,2
diffusion_dp,0.5,80,resnet20,0.6693743000014365,10.30285670000012,6.828597199999422,0.5401497000002564,0.2006,0.2275,800,5,2
diffusion_dp,1.0,80,resnet20,0.5910242999998445,10.312389900000198,6.005328799999916,0.480106999999407,0.229,0.295,800,5,2
dp,0.1,160,resnet20,0.0768916999986686,21.46355989999938,6.9988978000001225,1.0884733000002598,0.1033,0.65,1600,5,2
dp,0.5,160,resnet20,0.0775309000000561,20.69102650000059,6.434109900001204,0.945973399999275,0.2364,0.5525,1600,5,2
dp,1.0,160,resnet20,0.0644764999997278,21.720068900000115,6.469071800000165,0.9367954999997892,0.3945,0.568125,1600,5,2
diffusion_dp,0.1,160,resnet20,1.0638426999994408,17.97543399999995,5.702543299999888,0.933118099999774,0.2676,0.445625,1600,5,2
diffusion_dp,0.5,160,resnet20,1.04421419999926,19.66660150000098,5.609538000000612,0.86559970000053,0.3621,0.44875,1600,5,2
diffusion_dp,1.0,160,resnet20,1.0459310999995068,21.51815290000013,6.30204330000015,0.9028499000014564,0.319,0.380625,1600,5,2
dp,0.1,40,resnet20,0.0124511000012716,5.071532300000399,6.396244700001262,0.2538278000010905,0.1053,0.1,400,5,3
dp,0.5,40,resnet20,0.0199995000002672,4.938277399998697,7.57803960000092,0.3006124999992607,0.1291,0.1175,400,5,3
dp,1.0,40,resnet20,0.0273631999989447,6.249880999999732,7.549416300000303,0.2790566999992734,0.1447,0.165,400,5,3
diffusion_dp,0.1,40,resnet20,0.3773136999989219,5.19423050000114,6.030227600000217,0.2560348000006343,0.1514,0.1825,400,5,3
diffusion_dp,0.5,40,resnet20,0.3017072000002372,5.8121733000007225,6.162661099999241,0.2373217000003933,0.1161,0.14,400,5,3
diffusion_dp,1.0,40,resnet20,0.3436920999993162,4.698997999999847,6.666485499999908,0.237073500000406,0.1064,0.1175,400,5,3
dp,0.1,80,resnet20,0.0381142999995063,9.93543320000026,6.398092600000382,0.4825854999999137,0.1094,0.36875,800,5,3
dp,0.5,80,resnet20,0.0443792000005487,10.04689469999903,6.178670499999498,0.4763845999987097,0.1774,0.31125,800,5,3
dp,1.0,80,resnet20,0.0396954999996523,10.448472800000673,6.164158300000054,0.5673327999993489,0.2796,0.37625,800,5,3
diffusion_dp,0.1,80,resnet20,0.6456942999993771,10.254949199999828,5.989056000000346,0.5255891999986488,0.1621,0.22375,800,5,3
diffusion_dp,0.5,80,resnet20,0.6500398999996833,10.977561699999567,6.487149900000077,0.4955389000006107,0.2382,0.34375,800,5,3
diffusion_dp,1.0,80,resnet20,0.6137518999985332,9.97590929999933,5.992496400000164,0.4760855000004085,0.158,0.2025,800,5,3
dp,0.1,160,resnet20,0.0623579999992216,22.989169700000275,6.883730100000321,1.157708900000216,0.1252,0.385625,1600,5,3
dp,0.5,160,resnet20,0.0949704000013298,20.41945929999929,6.051883399999497,0.9389315999997052,0.2774,0.4075,1600,5,3
dp,1.0,160,resnet20,0.079609899999923,20.162120299999515,6.088007399999697,0.962776099999246,0.2686,0.34125,1600,5,3
diffusion_dp,0.1,160,resnet20,1.2248274000012316,21.36834049999925,7.433987099999285,1.1385089999985212,0.2936,0.5575,1600,5,3
diffusion_dp,0.5,160,resnet20,1.277879600000233,20.05698670000129,6.006461199998739,1.0208105999990948,0.3429,0.506875,1600,5,3
diffusion_dp,1.0,160,resnet20,1.1628084000003582,19.32377149999957,6.343019500000082,0.9544017999996868,0.3268,0.44,1600,5,3
